sample,Compartment,Degradation,treat
ND_Pb_1,Companion,Non,NonCompanion
ND_Pb_2,Companion,Non,NonCompanion
ND_Pb_3,Companion,Non,NonCompanion
ND_Pb_4,Companion,Non,NonCompanion
ND_Pb_5,Companion,Non,NonCompanion
ND_Pb_6,Companion,Non,NonCompanion
ND_Kp_1,Dominant,Non,NonDominant
ND_Kp_2,Dominant,Non,NonDominant
ND_Kp_3,Dominant,Non,NonDominant
ND_Kp_4,Dominant,Non,NonDominant
ND_Kp_5,Dominant,Non,NonDominant
ND_Kp_6,Dominant,Non,NonDominant
MD_Pb_1,Companion,Moderately,ModeratelyCompanion
MD_Pb_2,Companion,Moderately,ModeratelyCompanion
MD_Pb_3,Companion,Moderately,ModeratelyCompanion
MD_Pb_4,Companion,Moderately,ModeratelyCompanion
MD_Pb_5,Companion,Moderately,ModeratelyCompanion
MD_Pb_6,Companion,Moderately,ModeratelyCompanion
MD_Kp_1,Dominant,Moderately,ModeratelyDominant
MD_Kp_2,Dominant,Moderately,ModeratelyDominant
MD_Kp_3,Dominant,Moderately,ModeratelyDominant
MD_Kp_4,Dominant,Moderately,ModeratelyDominant
MD_Kp_5,Dominant,Moderately,ModeratelyDominant
MD_Kp_6,Dominant,Moderately,ModeratelyDominant
SD_Pb_1,Companion,Severely,SeverelyCompanion
SD_Pb_2,Companion,Severely,SeverelyCompanion
SD_Pb_3,Companion,Severely,SeverelyCompanion
SD_Pb_4,Companion,Severely,SeverelyCompanion
SD_Pb_5,Companion,Severely,SeverelyCompanion
SD_Pb_6,Companion,Severely,SeverelyCompanion
SD_Lt_1,Dominant,Severely,SeverelyDominant
SD_Lt_2,Dominant,Severely,SeverelyDominant
SD_Lt_3,Dominant,Severely,SeverelyDominant
SD_Lt_4,Dominant,Severely,SeverelyDominant
SD_Lt_5,Dominant,Severely,SeverelyDominant
SD_Lt_6,Dominant,Severely,SeverelyDominant
ND_Soil_1,Soil,Non,NonSoil
ND_Soil_2,Soil,Non,NonSoil
ND_Soil_3,Soil,Non,NonSoil
ND_Soil_4,Soil,Non,NonSoil
ND_Soil_5,Soil,Non,NonSoil
ND_Soil_6,Soil,Non,NonSoil
MD_Soil_1,Soil,Moderately,ModeratelySoil
MD_Soil_2,Soil,Moderately,ModeratelySoil
MD_Soil_3,Soil,Moderately,ModeratelySoil
MD_Soil_4,Soil,Moderately,ModeratelySoil
MD_Soil_5,Soil,Moderately,ModeratelySoil
MD_Soil_6,Soil,Moderately,ModeratelySoil
SD_Soil_1,Soil,Severely,SeverelySoil
SD_Soil_2,Soil,Severely,SeverelySoil
SD_Soil_3,Soil,Severely,SeverelySoil
SD_Soil_4,Soil,Severely,SeverelySoil
SD_Soil_5,Soil,Severely,SeverelySoil
SD_Soil_6,Soil,Severely,SeverelySoil
ND_Root_1,Root,Non,NonRoot
ND_Root_2,Root,Non,NonRoot
ND_Root_3,Root,Non,NonRoot
ND_Root_4,Root,Non,NonRoot
ND_Root_5,Root,Non,NonRoot
ND_Root_6,Root,Non,NonRoot
MD_Root_1,Root,Moderately,ModeratelyRoot
MD_Root_2,Root,Moderately,ModeratelyRoot
MD_Root_3,Root,Moderately,ModeratelyRoot
MD_Root_4,Root,Moderately,ModeratelyRoot
MD_Root_5,Root,Moderately,ModeratelyRoot
MD_Root_6,Root,Moderately,ModeratelyRoot
SD_Root_1,Root,Severely,SeverelyRoot
SD_Root_2,Root,Severely,SeverelyRoot
SD_Root_3,Root,Severely,SeverelyRoot
SD_Root_4,Root,Severely,SeverelyRoot
SD_Root_5,Root,Severely,SeverelyRoot
SD_Root_6,Root,Severely,SeverelyRoot
