Id,Label,timeset,v_name,v_genus,degree
n0,n0,,OTU_149,Acaulospora,1
n1,n1,,OTU_37,Acaulospora,20
n2,n2,,OTU_46,Acaulospora,4
n3,n3,,OTU_35,Ambispora,5
n4,n4,,OTU_117,Claroideoglomus,3
n5,n5,,OTU_128,Claroideoglomus,24
n6,n6,,OTU_13,Claroideoglomus,22
n7,n7,,OTU_161,Claroideoglomus,22
n8,n8,,OTU_188,Claroideoglomus,19
n9,n9,,OTU_233,Claroideoglomus,26
n10,n10,,OTU_234,Claroideoglomus,21
n11,n11,,OTU_253,Claroideoglomus,5
n12,n12,,OTU_256,Claroideoglomus,24
n13,n13,,OTU_3,Claroideoglomus,10
n14,n14,,OTU_311,Claroideoglomus,27
n15,n15,,OTU_374,Claroideoglomus,1
n16,n16,,OTU_4,Claroideoglomus,27
n17,n17,,OTU_415,Claroideoglomus,5
n18,n18,,OTU_421,Claroideoglomus,18
n19,n19,,OTU_50,Claroideoglomus,8
n20,n20,,OTU_9,Claroideoglomus,23
n21,n21,,OTU_118,Diversispora,4
n22,n22,,OTU_164,Diversispora,9
n23,n23,,OTU_18,Diversispora,6
n24,n24,,OTU_77,Diversispora,5
n25,n25,,OTU_84,Diversispora,2
n26,n26,,OTU_42,Funneliformis,3
n27,n27,,OTU_12,Glomerales,27
n28,n28,,OTU_14,Glomerales,14
n29,n29,,OTU_154,Glomerales,28
n30,n30,,OTU_186,Glomerales,6
n31,n31,,OTU_205,Glomerales,16
n32,n32,,OTU_211,Glomerales,18
n33,n33,,OTU_236,Glomerales,24
n34,n34,,OTU_293,Glomerales,12
n35,n35,,OTU_297,Glomerales,28
n36,n36,,OTU_403,Glomerales,13
n37,n37,,OTU_65,Glomerales,20
n38,n38,,OTU_7,Glomerales,26
n39,n39,,OTU_10,Glomus,9
n40,n40,,OTU_101,Glomus,8
n41,n41,,OTU_11,Glomus,10
n42,n42,,OTU_113,Glomus,21
n43,n43,,OTU_129,Glomus,8
n44,n44,,OTU_144,Glomus,1
n45,n45,,OTU_16,Glomus,6
n46,n46,,OTU_189,Glomus,3
n47,n47,,OTU_19,Glomus,14
n48,n48,,OTU_195,Glomus,8
n49,n49,,OTU_20,Glomus,9
n50,n50,,OTU_216,Glomus,6
n51,n51,,OTU_22,Glomus,6
n52,n52,,OTU_26,Glomus,18
n53,n53,,OTU_262,Glomus,11
n54,n54,,OTU_27,Glomus,2
n55,n55,,OTU_273,Glomus,6
n56,n56,,OTU_276,Glomus,13
n57,n57,,OTU_281,Glomus,4
n58,n58,,OTU_30,Glomus,9
n59,n59,,OTU_301,Glomus,9
n60,n60,,OTU_309,Glomus,4
n61,n61,,OTU_327,Glomus,8
n62,n62,,OTU_34,Glomus,7
n63,n63,,OTU_343,Glomus,8
n64,n64,,OTU_36,Glomus,13
n65,n65,,OTU_38,Glomus,10
n66,n66,,OTU_390,Glomus,6
n67,n67,,OTU_40,Glomus,6
n68,n68,,OTU_47,Glomus,8
n69,n69,,OTU_49,Glomus,5
n70,n70,,OTU_51,Glomus,12
n71,n71,,OTU_52,Glomus,4
n72,n72,,OTU_54,Glomus,7
n73,n73,,OTU_55,Glomus,9
n74,n74,,OTU_59,Glomus,12
n75,n75,,OTU_64,Glomus,14
n76,n76,,OTU_69,Glomus,10
n77,n77,,OTU_70,Glomus,3
n78,n78,,OTU_8,Glomus,12
n79,n79,,OTU_1,Rhizophagus,2
n80,n80,,OTU_132,Rhizophagus,8
n81,n81,,OTU_167,Rhizophagus,7
n82,n82,,OTU_170,Rhizophagus,4
n83,n83,,OTU_185,Rhizophagus,16
n84,n84,,OTU_192,Rhizophagus,5
n85,n85,,OTU_2,Rhizophagus,1
n86,n86,,OTU_208,Rhizophagus,4
n87,n87,,OTU_228,Rhizophagus,2
n88,n88,,OTU_250,Rhizophagus,8
n89,n89,,OTU_267,Rhizophagus,3
n90,n90,,OTU_282,Rhizophagus,7
n91,n91,,OTU_308,Rhizophagus,2
n92,n92,,OTU_321,Rhizophagus,8
n93,n93,,OTU_338,Rhizophagus,3
n94,n94,,OTU_348,Rhizophagus,1
n95,n95,,OTU_371,Rhizophagus,3
n96,n96,,OTU_394,Rhizophagus,13
n97,n97,,OTU_75,Rhizophagus,3
n98,n98,,OTU_88,Rhizophagus,3
n99,n99,,OTU_72,Scutellospora,4
