Id,Label,timeset,v_name,v_genus,degree
n0,n0,,OTU_37,Acaulospora,13
n1,n1,,OTU_66,Archaeospora,1
n2,n2,,OTU_117,Claroideoglomus,1
n3,n3,,OTU_128,Claroideoglomus,10
n4,n4,,OTU_13,Claroideoglomus,9
n5,n5,,OTU_161,Claroideoglomus,9
n6,n6,,OTU_188,Claroideoglomus,10
n7,n7,,OTU_233,Claroideoglomus,8
n8,n8,,OTU_234,Claroideoglomus,8
n9,n9,,OTU_253,Claroideoglomus,2
n10,n10,,OTU_256,Claroideoglomus,5
n11,n11,,OTU_3,Claroideoglomus,7
n12,n12,,OTU_311,Claroideoglomus,11
n13,n13,,OTU_4,Claroideoglomus,4
n14,n14,,OTU_415,Claroideoglomus,5
n15,n15,,OTU_421,Claroideoglomus,7
n16,n16,,OTU_422,Claroideoglomus,6
n17,n17,,OTU_9,Claroideoglomus,1
n18,n18,,OTU_118,Diversispora,6
n19,n19,,OTU_164,Diversispora,12
n20,n20,,OTU_18,Diversispora,4
n21,n21,,OTU_77,Diversispora,4
n22,n22,,OTU_84,Diversispora,6
n23,n23,,OTU_42,Funneliformis,13
n24,n24,,OTU_12,Glomerales,19
n25,n25,,OTU_136,Glomerales,9
n26,n26,,OTU_14,Glomerales,17
n27,n27,,OTU_154,Glomerales,14
n28,n28,,OTU_186,Glomerales,14
n29,n29,,OTU_205,Glomerales,14
n30,n30,,OTU_211,Glomerales,15
n31,n31,,OTU_236,Glomerales,14
n32,n32,,OTU_293,Glomerales,15
n33,n33,,OTU_297,Glomerales,18
n34,n34,,OTU_403,Glomerales,19
n35,n35,,OTU_65,Glomerales,12
n36,n36,,OTU_7,Glomerales,17
n37,n37,,OTU_10,Glomus,28
n38,n38,,OTU_101,Glomus,23
n39,n39,,OTU_103,Glomus,8
n40,n40,,OTU_11,Glomus,29
n41,n41,,OTU_113,Glomus,10
n42,n42,,OTU_129,Glomus,28
n43,n43,,OTU_144,Glomus,11
n44,n44,,OTU_16,Glomus,30
n45,n45,,OTU_189,Glomus,17
n46,n46,,OTU_19,Glomus,22
n47,n47,,OTU_195,Glomus,20
n48,n48,,OTU_20,Glomus,27
n49,n49,,OTU_216,Glomus,18
n50,n50,,OTU_22,Glomus,27
n51,n51,,OTU_26,Glomus,11
n52,n52,,OTU_262,Glomus,25
n53,n53,,OTU_27,Glomus,14
n54,n54,,OTU_270,Glomus,17
n55,n55,,OTU_273,Glomus,7
n56,n56,,OTU_276,Glomus,23
n57,n57,,OTU_281,Glomus,14
n58,n58,,OTU_30,Glomus,14
n59,n59,,OTU_301,Glomus,30
n60,n60,,OTU_309,Glomus,26
n61,n61,,OTU_312,Glomus,16
n62,n62,,OTU_327,Glomus,4
n63,n63,,OTU_34,Glomus,24
n64,n64,,OTU_343,Glomus,6
n65,n65,,OTU_36,Glomus,27
n66,n66,,OTU_38,Glomus,9
n67,n67,,OTU_390,Glomus,3
n68,n68,,OTU_40,Glomus,25
n69,n69,,OTU_47,Glomus,3
n70,n70,,OTU_49,Glomus,22
n71,n71,,OTU_51,Glomus,8
n72,n72,,OTU_52,Glomus,19
n73,n73,,OTU_54,Glomus,14
n74,n74,,OTU_55,Glomus,28
n75,n75,,OTU_59,Glomus,26
n76,n76,,OTU_64,Glomus,27
n77,n77,,OTU_69,Glomus,26
n78,n78,,OTU_70,Glomus,14
n79,n79,,OTU_8,Glomus,18
n80,n80,,OTU_32,Paraglomus,1
n81,n81,,OTU_1,Rhizophagus,8
n82,n82,,OTU_132,Rhizophagus,1
n83,n83,,OTU_167,Rhizophagus,10
n84,n84,,OTU_170,Rhizophagus,5
n85,n85,,OTU_185,Rhizophagus,7
n86,n86,,OTU_192,Rhizophagus,4
n87,n87,,OTU_2,Rhizophagus,6
n88,n88,,OTU_208,Rhizophagus,4
n89,n89,,OTU_228,Rhizophagus,4
n90,n90,,OTU_250,Rhizophagus,11
n91,n91,,OTU_267,Rhizophagus,7
n92,n92,,OTU_282,Rhizophagus,3
n93,n93,,OTU_292,Rhizophagus,1
n94,n94,,OTU_295,Rhizophagus,1
n95,n95,,OTU_321,Rhizophagus,1
n96,n96,,OTU_338,Rhizophagus,2
n97,n97,,OTU_348,Rhizophagus,5
n98,n98,,OTU_394,Rhizophagus,9
n99,n99,,OTU_75,Rhizophagus,6
n100,n100,,OTU_88,Rhizophagus,8
n101,n101,,OTU_72,Scutellospora,9
n102,n102,,OTU_67,Septoglomus,18
