Id,Label,timeset,v_name,v_genus,degree
n0,n0,,OTU_149,Acaulospora,4
n1,n1,,OTU_37,Acaulospora,6
n2,n2,,OTU_46,Acaulospora,5
n3,n3,,OTU_35,Ambispora,2
n4,n4,,OTU_66,Archaeospora,1
n5,n5,,OTU_117,Claroideoglomus,3
n6,n6,,OTU_128,Claroideoglomus,3
n7,n7,,OTU_13,Claroideoglomus,11
n8,n8,,OTU_161,Claroideoglomus,6
n9,n9,,OTU_188,Claroideoglomus,7
n10,n10,,OTU_233,Claroideoglomus,3
n11,n11,,OTU_234,Claroideoglomus,14
n12,n12,,OTU_253,Claroideoglomus,3
n13,n13,,OTU_256,Claroideoglomus,11
n14,n14,,OTU_3,Claroideoglomus,11
n15,n15,,OTU_311,Claroideoglomus,1
n16,n16,,OTU_4,Claroideoglomus,8
n17,n17,,OTU_422,Claroideoglomus,5
n18,n18,,OTU_50,Claroideoglomus,3
n19,n19,,OTU_9,Claroideoglomus,12
n20,n20,,OTU_118,Diversispora,5
n21,n21,,OTU_164,Diversispora,7
n22,n22,,OTU_18,Diversispora,2
n23,n23,,OTU_77,Diversispora,1
n24,n24,,OTU_42,Funneliformis,5
n25,n25,,OTU_12,Glomerales,10
n26,n26,,OTU_14,Glomerales,18
n27,n27,,OTU_154,Glomerales,11
n28,n28,,OTU_186,Glomerales,2
n29,n29,,OTU_205,Glomerales,9
n30,n30,,OTU_211,Glomerales,2
n31,n31,,OTU_236,Glomerales,9
n32,n32,,OTU_293,Glomerales,10
n33,n33,,OTU_297,Glomerales,2
n34,n34,,OTU_403,Glomerales,3
n35,n35,,OTU_65,Glomerales,11
n36,n36,,OTU_7,Glomerales,5
n37,n37,,OTU_10,Glomus,13
n38,n38,,OTU_101,Glomus,1
n39,n39,,OTU_103,Glomus,4
n40,n40,,OTU_11,Glomus,14
n41,n41,,OTU_113,Glomus,8
n42,n42,,OTU_129,Glomus,15
n43,n43,,OTU_16,Glomus,5
n44,n44,,OTU_189,Glomus,12
n45,n45,,OTU_19,Glomus,5
n46,n46,,OTU_195,Glomus,7
n47,n47,,OTU_20,Glomus,12
n48,n48,,OTU_216,Glomus,3
n49,n49,,OTU_22,Glomus,6
n50,n50,,OTU_26,Glomus,10
n51,n51,,OTU_262,Glomus,2
n52,n52,,OTU_27,Glomus,3
n53,n53,,OTU_270,Glomus,2
n54,n54,,OTU_273,Glomus,6
n55,n55,,OTU_276,Glomus,16
n56,n56,,OTU_281,Glomus,6
n57,n57,,OTU_30,Glomus,10
n58,n58,,OTU_301,Glomus,2
n59,n59,,OTU_309,Glomus,1
n60,n60,,OTU_312,Glomus,3
n61,n61,,OTU_327,Glomus,3
n62,n62,,OTU_34,Glomus,3
n63,n63,,OTU_343,Glomus,1
n64,n64,,OTU_36,Glomus,12
n65,n65,,OTU_38,Glomus,5
n66,n66,,OTU_390,Glomus,6
n67,n67,,OTU_40,Glomus,3
n68,n68,,OTU_47,Glomus,5
n69,n69,,OTU_49,Glomus,9
n70,n70,,OTU_51,Glomus,8
n71,n71,,OTU_52,Glomus,3
n72,n72,,OTU_54,Glomus,5
n73,n73,,OTU_55,Glomus,3
n74,n74,,OTU_59,Glomus,8
n75,n75,,OTU_64,Glomus,8
n76,n76,,OTU_69,Glomus,3
n77,n77,,OTU_70,Glomus,2
n78,n78,,OTU_8,Glomus,7
n79,n79,,OTU_32,Paraglomus,2
n80,n80,,OTU_1,Rhizophagus,1
n81,n81,,OTU_167,Rhizophagus,1
n82,n82,,OTU_170,Rhizophagus,8
n83,n83,,OTU_185,Rhizophagus,4
n84,n84,,OTU_192,Rhizophagus,4
n85,n85,,OTU_2,Rhizophagus,5
n86,n86,,OTU_208,Rhizophagus,2
n87,n87,,OTU_228,Rhizophagus,5
n88,n88,,OTU_250,Rhizophagus,13
n89,n89,,OTU_267,Rhizophagus,11
n90,n90,,OTU_282,Rhizophagus,3
n91,n91,,OTU_295,Rhizophagus,6
n92,n92,,OTU_308,Rhizophagus,2
n93,n93,,OTU_321,Rhizophagus,2
n94,n94,,OTU_338,Rhizophagus,6
n95,n95,,OTU_371,Rhizophagus,4
n96,n96,,OTU_394,Rhizophagus,7
n97,n97,,OTU_75,Rhizophagus,1
n98,n98,,OTU_88,Rhizophagus,1
n99,n99,,OTU_72,Scutellospora,11
n100,n100,,OTU_67,Septoglomus,2
