,Genus,Links,Links_number,all_Links_number
1,Acaulospora,inter_links,24,169
2,Acaulospora,intra_links,0,2
3,Ambispora,inter_links,5,61
4,Claroideoglomus,inter_links,131,925
5,Claroideoglomus,intra_links,70,148
6,Diversispora,inter_links,22,269
7,Diversispora,intra_links,2,10
8,Funneliformis,inter_links,3,43
9,Glomerales,inter_links,145,863
10,Glomerales,intra_links,43,76
11,Glomus,inter_links,110,1467
12,Glomus,intra_links,106,730
13,Rhizophagus,inter_links,68,970
14,Rhizophagus,intra_links,16,152
15,Scutellospora,inter_links,4,73
16,Septoglomus,inter_links,0,58
