,Genus,Links,Links_number,all_Links_number
1,Acaulospora,inter_links,13,169
2,Acaulospora,intra_links,0,1
3,Archaeospora,inter_links,1,46
4,Claroideoglomus,inter_links,39,902
5,Claroideoglomus,intra_links,32,116
6,Diversispora,inter_links,22,356
7,Diversispora,intra_links,5,10
8,Funneliformis,inter_links,13,74
9,Glomerales,inter_links,61,818
10,Glomerales,intra_links,68,78
11,Glomus,inter_links,97,1552
12,Glomus,intra_links,348,819
13,Paraglomus,inter_links,1,72
14,Rhizophagus,inter_links,46,868
15,Rhizophagus,intra_links,26,146
16,Scutellospora,inter_links,9,67
17,Septoglomus,inter_links,18,84
