,Genus,Links,Links_number,all_Links_number
1,Acaulospora,inter_links,15,192
2,Acaulospora,intra_links,0,3
3,Ambispora,inter_links,2,44
4,Archaeospora,inter_links,1,52
5,Claroideoglomus,inter_links,55,960
6,Claroideoglomus,intra_links,23,107
7,Diversispora,inter_links,15,321
8,Diversispora,intra_links,0,7
9,Funneliformis,inter_links,5,61
10,Glomerales,inter_links,56,823
11,Glomerales,intra_links,18,57
12,Glomus,inter_links,114,1750
13,Glomus,intra_links,73,631
14,Paraglomus,inter_links,2,44
15,Rhizophagus,inter_links,66,1061
16,Rhizophagus,intra_links,10,151
17,Scutellospora,inter_links,11,80
18,Septoglomus,inter_links,2,64
