OTU,Genus,ID
OTU_1,Rhizophagus,OTU_1_Rhizophagus
OTU_2,Rhizophagus,OTU_2_Rhizophagus
OTU_3,Claroideoglomus,OTU_3_Claroideoglomus
OTU_4,Claroideoglomus,OTU_4_Claroideoglomus
OTU_6,Glomus,OTU_6_Glomus
OTU_7,Glomerales,OTU_7_Glomerales
OTU_8,Glomus,OTU_8_Glomus
OTU_9,Claroideoglomus,OTU_9_Claroideoglomus
OTU_10,Glomus,OTU_10_Glomus
OTU_11,Glomus,OTU_11_Glomus
OTU_12,Glomerales,OTU_12_Glomerales
OTU_13,Claroideoglomus,OTU_13_Claroideoglomus
OTU_14,Glomerales,OTU_14_Glomerales
OTU_15,Claroideoglomus,OTU_15_Claroideoglomus
OTU_16,Glomus,OTU_16_Glomus
OTU_18,Diversispora,OTU_18_Diversispora
OTU_19,Glomus,OTU_19_Glomus
OTU_20,Glomus,OTU_20_Glomus
OTU_21,Archaeospora,OTU_21_Archaeospora
OTU_22,Glomus,OTU_22_Glomus
OTU_26,Glomus,OTU_26_Glomus
OTU_27,Glomus,OTU_27_Glomus
OTU_30,Glomus,OTU_30_Glomus
OTU_32,Paraglomus,OTU_32_Paraglomus
OTU_34,Glomus,OTU_34_Glomus
OTU_35,Ambispora,OTU_35_Ambispora
OTU_36,Glomus,OTU_36_Glomus
OTU_37,Acaulospora,OTU_37_Acaulospora
OTU_38,Glomus,OTU_38_Glomus
OTU_40,Glomus,OTU_40_Glomus
OTU_42,Funneliformis,OTU_42_Funneliformis
OTU_46,Acaulospora,OTU_46_Acaulospora
OTU_47,Glomus,OTU_47_Glomus
OTU_49,Glomus,OTU_49_Glomus
OTU_50,Claroideoglomus,OTU_50_Claroideoglomus
OTU_51,Glomus,OTU_51_Glomus
OTU_52,Glomus,OTU_52_Glomus
OTU_54,Glomus,OTU_54_Glomus
OTU_55,Glomus,OTU_55_Glomus
OTU_59,Glomus,OTU_59_Glomus
OTU_62,Funneliformis,OTU_62_Funneliformis
OTU_64,Glomus,OTU_64_Glomus
OTU_65,Glomerales,OTU_65_Glomerales
OTU_66,Archaeospora,OTU_66_Archaeospora
OTU_67,Septoglomus,OTU_67_Septoglomus
OTU_69,Glomus,OTU_69_Glomus
OTU_70,Glomus,OTU_70_Glomus
OTU_72,Scutellospora,OTU_72_Scutellospora
OTU_75,Rhizophagus,OTU_75_Rhizophagus
OTU_77,Diversispora,OTU_77_Diversispora
OTU_84,Diversispora,OTU_84_Diversispora
OTU_88,Rhizophagus,OTU_88_Rhizophagus
OTU_101,Glomus,OTU_101_Glomus
OTU_103,Glomus,OTU_103_Glomus
OTU_113,Glomus,OTU_113_Glomus
OTU_117,Claroideoglomus,OTU_117_Claroideoglomus
OTU_118,Diversispora,OTU_118_Diversispora
OTU_128,Claroideoglomus,OTU_128_Claroideoglomus
OTU_129,Glomus,OTU_129_Glomus
OTU_132,Rhizophagus,OTU_132_Rhizophagus
OTU_136,Glomerales,OTU_136_Glomerales
OTU_144,Glomus,OTU_144_Glomus
OTU_149,Acaulospora,OTU_149_Acaulospora
OTU_154,Glomerales,OTU_154_Glomerales
OTU_161,Claroideoglomus,OTU_161_Claroideoglomus
OTU_164,Diversispora,OTU_164_Diversispora
OTU_167,Rhizophagus,OTU_167_Rhizophagus
OTU_170,Rhizophagus,OTU_170_Rhizophagus
OTU_185,Rhizophagus,OTU_185_Rhizophagus
OTU_186,Glomerales,OTU_186_Glomerales
OTU_188,Claroideoglomus,OTU_188_Claroideoglomus
OTU_189,Glomus,OTU_189_Glomus
OTU_192,Rhizophagus,OTU_192_Rhizophagus
OTU_195,Glomus,OTU_195_Glomus
OTU_205,Glomerales,OTU_205_Glomerales
OTU_208,Rhizophagus,OTU_208_Rhizophagus
OTU_211,Glomerales,OTU_211_Glomerales
OTU_216,Glomus,OTU_216_Glomus
OTU_228,Rhizophagus,OTU_228_Rhizophagus
OTU_233,Claroideoglomus,OTU_233_Claroideoglomus
OTU_234,Claroideoglomus,OTU_234_Claroideoglomus
OTU_236,Glomerales,OTU_236_Glomerales
OTU_250,Rhizophagus,OTU_250_Rhizophagus
OTU_253,Claroideoglomus,OTU_253_Claroideoglomus
OTU_256,Claroideoglomus,OTU_256_Claroideoglomus
OTU_262,Glomus,OTU_262_Glomus
OTU_267,Rhizophagus,OTU_267_Rhizophagus
OTU_270,Glomus,OTU_270_Glomus
OTU_273,Glomus,OTU_273_Glomus
OTU_275,Claroideoglomus,OTU_275_Claroideoglomus
OTU_276,Glomus,OTU_276_Glomus
OTU_281,Glomus,OTU_281_Glomus
OTU_282,Rhizophagus,OTU_282_Rhizophagus
OTU_292,Rhizophagus,OTU_292_Rhizophagus
OTU_293,Glomerales,OTU_293_Glomerales
OTU_295,Rhizophagus,OTU_295_Rhizophagus
OTU_297,Glomerales,OTU_297_Glomerales
OTU_301,Glomus,OTU_301_Glomus
OTU_308,Rhizophagus,OTU_308_Rhizophagus
OTU_309,Glomus,OTU_309_Glomus
OTU_311,Claroideoglomus,OTU_311_Claroideoglomus
OTU_312,Glomus,OTU_312_Glomus
OTU_321,Rhizophagus,OTU_321_Rhizophagus
OTU_327,Glomus,OTU_327_Glomus
OTU_338,Rhizophagus,OTU_338_Rhizophagus
OTU_343,Glomus,OTU_343_Glomus
OTU_348,Rhizophagus,OTU_348_Rhizophagus
OTU_371,Rhizophagus,OTU_371_Rhizophagus
OTU_374,Claroideoglomus,OTU_374_Claroideoglomus
OTU_390,Glomus,OTU_390_Glomus
OTU_394,Rhizophagus,OTU_394_Rhizophagus
OTU_403,Glomerales,OTU_403_Glomerales
OTU_415,Claroideoglomus,OTU_415_Claroideoglomus
OTU_421,Claroideoglomus,OTU_421_Claroideoglomus
OTU_422,Claroideoglomus,OTU_422_Claroideoglomus
