,OTU,l.lsum.sum.l.lsum.,m.msum.sum.m.msum.,s.ssum.sum.s.ssum.,Abundance,Indicator,OTU.1,Genus,ID,Relative_abundance
1,OTU_1,0.459219702,0.503074705,0.217568482,80200,NS,OTU_1,Rhizophagus,OTU_1_Rhizophagus,0.39328763
2,OTU_10,0.017212464,0.037529055,0.040280107,6459,NS,OTU_10,Glomus,OTU_10_Glomus,0.031673875
3,OTU_101,0.000220673,0.000559037,0.000750287,104,NS,OTU_101,Glomus,OTU_101_Glomus,0.000509999
4,OTU_103,0.000161827,0.000338365,0.000308942,55,NS,OTU_103,Glomus,OTU_103_Glomus,0.000269711
5,OTU_11,0.003854415,0.026966193,0.009591903,2747,NS,OTU_11,Glomus,OTU_11_Glomus,0.013470837
6,OTU_113,0.000279519,0.00019125,0.000382499,58,NS,OTU_113,Glomus,OTU_113_Glomus,0.000284422
7,OTU_117,1.47E-05,1.47E-05,4.41E-05,5,NS,OTU_117,Claroideoglomus,OTU_117_Claroideoglomus,2.45192E-05
8,OTU_118,2.94E-05,1.47E-05,0.000102981,10,NS,OTU_118,Diversispora,OTU_118_Diversispora,4.90384E-05
9,OTU_12,0.008047195,0.002589225,0.008326713,1289,NS,OTU_12,Glomerales,OTU_12_Glomerales,0.006321044
10,OTU_128,0.006561332,0.000823844,0.002162592,649,Indicator,OTU_128,Claroideoglomus,OTU_128_Claroideoglomus,0.003182589
11,OTU_129,0.000867979,0.001324036,0.00244211,315,NS,OTU_129,Glomus,OTU_129_Glomus,0.001544708
12,OTU_13,0.01034219,0.001515285,0.003265955,1028,Indicator,OTU_13,Claroideoglomus,OTU_13_Claroideoglomus,0.005041143
13,OTU_132,0.006973254,0.017580251,0.06265631,5928,Indicator,OTU_132,Rhizophagus,OTU_132_Rhizophagus,0.029069939
14,OTU_136,0,1.47E-05,8.83E-05,7,NS,OTU_136,Glomerales,OTU_136_Glomerales,3.43269E-05
15,OTU_14,0.007532292,0.003986818,0.009444788,1425,NS,OTU_14,Glomerales,OTU_14_Glomerales,0.006987966
16,OTU_144,0.003059994,0.000220673,0.000308942,244,NS,OTU_144,Glomus,OTU_144_Glomus,0.001196536
17,OTU_149,0.000353076,1.47E-05,1.47E-05,26,NS,OTU_149,Acaulospora,OTU_149_Acaulospora,0.0001275
18,OTU_154,0.002118457,0.000514903,0.002192015,328,NS,OTU_154,Glomerales,OTU_154_Glomerales,0.001608458
19,OTU_16,0.026774943,0.011754494,0.007105658,3102,NS,OTU_16,Glomus,OTU_16_Glomus,0.015211699
20,OTU_161,0.000456057,5.88E-05,0.000161827,46,Indicator,OTU_161,Claroideoglomus,OTU_161_Claroideoglomus,0.000225576
21,OTU_164,0.000235384,0.000132404,0.00088269,85,NS,OTU_164,Diversispora,OTU_164_Diversispora,0.000416826
22,OTU_167,0.000338365,0.000176538,7.36E-05,40,Indicator,OTU_167,Rhizophagus,OTU_167_Rhizophagus,0.000196153
23,OTU_170,0.037234825,0.045017212,0.042369141,8471,NS,OTU_170,Rhizophagus,OTU_170_Rhizophagus,0.041540393
24,OTU_18,1.47E-05,0,0,1,NS,OTU_18,Diversispora,OTU_18_Diversispora,4.90384E-06
25,OTU_185,0.001780092,0.001780092,0.001456439,341,NS,OTU_185,Rhizophagus,OTU_185_Rhizophagus,0.001672208
26,OTU_186,0.000573749,0.000132404,0.000456057,79,NS,OTU_186,Glomerales,OTU_186_Glomerales,0.000387403
27,OTU_188,0.000735575,0.000132404,0.000102981,66,Indicator,OTU_188,Claroideoglomus,OTU_188_Claroideoglomus,0.000323653
28,OTU_189,0.000147115,0.00019125,0.00029423,43,NS,OTU_189,Glomus,OTU_189_Glomus,0.000210865
29,OTU_19,0.001500574,0.00322182,0.003854415,583,NS,OTU_19,Glomus,OTU_19_Glomus,0.002858936
30,OTU_192,0.005016624,0.005619796,0.00829729,1287,NS,OTU_192,Rhizophagus,OTU_192_Rhizophagus,0.006311237
31,OTU_195,0.001500574,0.001309324,0.001809515,314,NS,OTU_195,Glomus,OTU_195_Glomus,0.001539804
32,OTU_2,0.093256245,0.098434696,0.152867273,23421,NS,OTU_2,Rhizophagus,OTU_2_Rhizophagus,0.114852738
33,OTU_20,0.008209021,0.009797864,0.0111219,1980,NS,OTU_20,Glomus,OTU_20_Glomus,0.009709595
34,OTU_205,0.000382499,7.36E-05,0.000308942,52,NS,OTU_205,Glomerales,OTU_205_Glomerales,0.000254999
35,OTU_208,0.001044517,0.00126519,0.001015094,226,NS,OTU_208,Rhizophagus,OTU_208_Rhizophagus,0.001108267
36,OTU_211,0.001279901,0.000456057,0.001029806,188,NS,OTU_211,Glomerales,OTU_211_Glomerales,0.000921921
37,OTU_216,0.000338365,0.000603172,0.000735575,114,NS,OTU_216,Glomus,OTU_216_Glomus,0.000559037
38,OTU_22,0.001132786,0.002074323,0.002692206,401,NS,OTU_22,Glomus,OTU_22_Glomus,0.001966438
39,OTU_228,0.000132404,0.000205961,0.000205961,37,NS,OTU_228,Rhizophagus,OTU_228_Rhizophagus,0.000181442
40,OTU_233,0.000853267,0.00029423,0.000470768,110,NS,OTU_233,Claroideoglomus,OTU_233_Claroideoglomus,0.000539422
41,OTU_234,0.000514903,8.83E-05,0.00019125,54,NS,OTU_234,Claroideoglomus,OTU_234_Claroideoglomus,0.000264807
42,OTU_236,0.000367788,0.000176538,0.000323653,59,NS,OTU_236,Glomerales,OTU_236_Glomerales,0.000289326
43,OTU_250,0.000529614,0.000367788,0.000250096,78,NS,OTU_250,Rhizophagus,OTU_250_Rhizophagus,0.000382499
44,OTU_253,2.94E-05,2.94E-05,1.47E-05,5,NS,OTU_253,Claroideoglomus,OTU_253_Claroideoglomus,2.45192E-05
45,OTU_256,0.002309707,0.000529614,0.001897784,322,NS,OTU_256,Claroideoglomus,OTU_256_Claroideoglomus,0.001579035
46,OTU_26,0.016226793,0.032880219,0.069923794,8091,NS,OTU_26,Glomus,OTU_26_Glomus,0.039676935
47,OTU_262,0.00019125,0.000544326,0.000662018,95,NS,OTU_262,Glomus,OTU_262_Glomus,0.000465864
48,OTU_267,0.000102981,5.88E-05,0.000102981,18,NS,OTU_267,Rhizophagus,OTU_267_Rhizophagus,8.8269E-05
49,OTU_27,0.001588843,0.006105276,0.00126519,609,NS,OTU_27,Glomus,OTU_27_Glomus,0.002986436
50,OTU_270,0.000367788,0.000382499,0.000220673,66,NS,OTU_270,Glomus,OTU_270_Glomus,0.000323653
51,OTU_273,0.000117692,0.000353076,0.000750287,83,NS,OTU_273,Glomus,OTU_273_Glomus,0.000407018
52,OTU_276,0.001309324,0.001544708,0.001500574,296,NS,OTU_276,Glomus,OTU_276_Glomus,0.001451535
53,OTU_281,4.41E-05,0.00019125,0.000132404,25,NS,OTU_281,Glomus,OTU_281_Glomus,0.000122596
54,OTU_282,0.000205961,0.000161827,7.36E-05,30,NS,OTU_282,Rhizophagus,OTU_282_Rhizophagus,0.000147115
55,OTU_292,5.88E-05,0.000102981,4.41E-05,14,NS,OTU_292,Rhizophagus,OTU_292_Rhizophagus,6.86537E-05
56,OTU_293,0.000750287,0.000470768,0.00107394,156,NS,OTU_293,Glomerales,OTU_293_Glomerales,0.000764998
57,OTU_295,0.000147115,0.000220673,0.000308942,46,NS,OTU_295,Rhizophagus,OTU_295_Rhizophagus,0.000225576
58,OTU_297,0.000632595,0.00019125,0.00048548,89,NS,OTU_297,Glomerales,OTU_297_Glomerales,0.000436441
59,OTU_3,0.115647159,0.044561156,0.076838203,16113,NS,OTU_3,Claroideoglomus,OTU_3_Claroideoglomus,0.079015506
60,OTU_30,0.001515285,0.001883073,0.00195663,364,NS,OTU_30,Glomus,OTU_30_Glomus,0.001784996
61,OTU_301,0.000382499,0.000853267,0.001147498,162,NS,OTU_301,Glomus,OTU_301_Glomus,0.000794421
62,OTU_308,0.001588843,0.002324418,0.001794804,388,NS,OTU_308,Rhizophagus,OTU_308_Rhizophagus,0.001902688
63,OTU_309,0.001382882,0.00185365,0.004119222,500,NS,OTU_309,Glomus,OTU_309_Glomus,0.002451918
64,OTU_311,0.000441345,2.94E-05,0.000117692,40,Indicator,OTU_311,Claroideoglomus,OTU_311_Claroideoglomus,0.000196153
65,OTU_312,2.94E-05,0.00029423,7.36E-05,27,NS,OTU_312,Glomus,OTU_312_Glomus,0.000132404
66,OTU_32,1.47E-05,0,0.001103363,76,NS,OTU_32,Paraglomus,OTU_32_Paraglomus,0.000372692
67,OTU_321,0.000176538,0.000235384,0.000250096,45,NS,OTU_321,Rhizophagus,OTU_321_Rhizophagus,0.000220673
68,OTU_327,0.000323653,0.000382499,0.000308942,69,NS,OTU_327,Glomus,OTU_327_Glomus,0.000338365
69,OTU_338,0.000176538,0.000264807,0.000147115,40,NS,OTU_338,Rhizophagus,OTU_338_Rhizophagus,0.000196153
70,OTU_34,0.000264807,0.000411922,0.00077971,99,NS,OTU_34,Glomus,OTU_34_Glomus,0.00048548
71,OTU_343,0.000132404,0.000308942,0.002162592,177,NS,OTU_343,Glomus,OTU_343_Glomus,0.000867979
72,OTU_348,8.83E-05,0.000176538,7.36E-05,23,NS,OTU_348,Rhizophagus,OTU_348_Rhizophagus,0.000112788
73,OTU_35,1.47E-05,0,0,1,NS,OTU_35,Ambispora,OTU_35_Ambispora,4.90384E-06
74,OTU_36,0.001382882,0.002957013,0.004472298,599,NS,OTU_36,Glomus,OTU_36_Glomus,0.002937398
75,OTU_37,0.001103363,2.94E-05,0.000117692,85,Indicator,OTU_37,Acaulospora,OTU_37_Acaulospora,0.000416826
76,OTU_371,0.00029423,0.000912113,0.000470768,114,NS,OTU_371,Rhizophagus,OTU_371_Rhizophagus,0.000559037
77,OTU_38,0.000573749,0.002824609,0.001162209,310,NS,OTU_38,Glomus,OTU_38_Glomus,0.001520189
78,OTU_390,0.000161827,0.00019125,0.000250096,41,NS,OTU_390,Glomus,OTU_390_Glomus,0.000201057
79,OTU_394,0.000470768,0.000353076,0.000426634,85,NS,OTU_394,Rhizophagus,OTU_394_Rhizophagus,0.000416826
80,OTU_4,0.021213994,0.003442493,0.011092477,2430,NS,OTU_4,Claroideoglomus,OTU_4_Claroideoglomus,0.011916321
81,OTU_40,0.001603554,0.001015094,0.006855562,644,NS,OTU_40,Glomus,OTU_40_Glomus,0.00315807
82,OTU_403,0.000176538,0.000176538,0.000264807,42,NS,OTU_403,Glomerales,OTU_403_Glomerales,0.000205961
83,OTU_42,0.000573749,0.002412687,0.001015094,272,NS,OTU_42,Funneliformis,OTU_42_Funneliformis,0.001333843
84,OTU_421,0.001456439,0.00019125,0.000397211,139,NS,OTU_421,Claroideoglomus,OTU_421_Claroideoglomus,0.000681633
85,OTU_422,2.94E-05,0,2.94E-05,4,NS,OTU_422,Claroideoglomus,OTU_422_Claroideoglomus,1.96153E-05
86,OTU_46,2.94E-05,0,4.41E-05,5,NS,OTU_46,Acaulospora,OTU_46_Acaulospora,2.45192E-05
87,OTU_47,4.41E-05,0.000470768,0,35,NS,OTU_47,Glomus,OTU_47_Glomus,0.000171634
88,OTU_49,0.000353076,0.00088269,0.001029806,154,NS,OTU_49,Glomus,OTU_49_Glomus,0.000755191
89,OTU_51,0.000338365,0.000529614,0.000353076,83,NS,OTU_51,Glomus,OTU_51_Glomus,0.000407018
90,OTU_52,0.00058846,0.000632595,0.000691441,130,NS,OTU_52,Glomus,OTU_52_Glomus,0.000637499
91,OTU_54,0.002854032,0.009179981,0.001309324,907,NS,OTU_54,Glomus,OTU_54_Glomus,0.004447779
92,OTU_55,0.00126519,0.005001912,0.003486627,663,Indicator,OTU_55,Glomus,OTU_55_Glomus,0.003251243
93,OTU_59,0.001162209,0.004869509,0.003722011,663,NS,OTU_59,Glomus,OTU_59_Glomus,0.003251243
94,OTU_64,0.002133169,0.001176921,0.003324801,451,NS,OTU_64,Glomus,OTU_64_Glomus,0.00221163
95,OTU_65,0.000308942,0.000161827,0.000970959,98,NS,OTU_65,Glomerales,OTU_65_Glomerales,0.000480576
96,OTU_66,1.47E-05,0,1.47E-05,2,NS,OTU_66,Archaeospora,OTU_66_Archaeospora,9.80767E-06
97,OTU_67,0.000353076,0.000235384,0.000367788,65,NS,OTU_67,Septoglomus,OTU_67_Septoglomus,0.000318749
98,OTU_69,0.000470768,0.000941536,0.001147498,174,NS,OTU_69,Glomus,OTU_69_Glomus,0.000853267
99,OTU_7,0.072939653,0.02801071,0.084797128,12626,NS,OTU_7,Glomerales,OTU_7_Glomerales,0.061915831
100,OTU_70,0.000323653,0.000456057,0.001103363,128,Indicator,OTU_70,Glomus,OTU_70_Glomus,0.000627691
101,OTU_72,0.000161827,1.47E-05,4.41E-05,15,NS,OTU_72,Scutellospora,OTU_72_Scutellospora,7.35575E-05
102,OTU_75,0.001529997,0.001632977,0.002353841,375,NS,OTU_75,Rhizophagus,OTU_75_Rhizophagus,0.001838938
103,OTU_77,0.000117692,2.94E-05,4.41E-05,13,NS,OTU_77,Diversispora,OTU_77_Diversispora,6.37499E-05
104,OTU_8,0.01678583,0.04616471,0.071659752,9150,NS,OTU_8,Glomus,OTU_8_Glomus,0.044870097
105,OTU_84,0,1.47E-05,0.000353076,25,NS,OTU_84,Diversispora,OTU_84_Diversispora,0.000122596
106,OTU_88,0.002898167,0.004810663,0.021096302,1958,NS,OTU_88,Rhizophagus,OTU_88_Rhizophagus,0.00960171
107,OTU_9,0.008826904,0.002294995,0.00819431,1313,NS,OTU_9,Claroideoglomus,OTU_9_Claroideoglomus,0.006438736
