,OTU,l.lsum.sum.l.lsum.,m.msum.sum.m.msum.,s.ssum.sum.s.ssum.,Abundance,Indicator,OTU.1,Genus,ID,Relative_abundance
1,OTU_1,0.384073322,0.403124724,0.392679554,80201,NS,OTU_1,Rhizophagus,OTU_1_Rhizophagus,0.393292533
2,OTU_10,0.024141584,0.021993703,0.02089034,4556,NS,OTU_10,Glomus,OTU_10_Glomus,0.022341876
3,OTU_101,0.000338365,0.000161827,0.000264807,52,NS,OTU_101,Glomus,OTU_101_Glomus,0.000254999
4,OTU_103,0.00019125,0.000235384,0.000235384,45,NS,OTU_103,Glomus,OTU_103_Glomus,0.000220673
5,OTU_11,0.003854415,0.004075088,0.003927972,806,NS,OTU_11,Glomus,OTU_11_Glomus,0.003952492
6,OTU_113,0.000514903,0.000735575,0.000426634,114,NS,OTU_113,Glomus,OTU_113_Glomus,0.000559037
7,OTU_117,2.94E-05,4.41E-05,0.000102981,12,NS,OTU_117,Claroideoglomus,OTU_117_Claroideoglomus,5.8846E-05
8,OTU_118,5.88E-05,5.88E-05,0.000147115,18,NS,OTU_118,Diversispora,OTU_118_Diversispora,8.8269E-05
9,OTU_12,0.007208639,0.008606232,0.008606232,1660,NS,OTU_12,Glomerales,OTU_12_Glomerales,0.008140367
10,OTU_128,0.006796716,0.006208256,0.007238062,1376,NS,OTU_128,Claroideoglomus,OTU_128_Claroideoglomus,0.006747678
11,OTU_129,0.001235767,0.000912113,0.000970959,212,NS,OTU_129,Glomus,OTU_129_Glomus,0.001039613
12,OTU_13,0.012048725,0.013519875,0.013122665,2630,NS,OTU_13,Claroideoglomus,OTU_13_Claroideoglomus,0.012897088
13,OTU_132,0.007252773,0.005796334,0.005943449,1291,NS,OTU_132,Rhizophagus,OTU_132_Rhizophagus,0.006330852
14,OTU_136,0,1.47E-05,0,1,NS,OTU_136,Glomerales,OTU_136_Glomerales,4.90384E-06
15,OTU_14,0.01034219,0.011077765,0.009797864,2122,NS,OTU_14,Glomerales,OTU_14_Glomerales,0.01040594
16,OTU_144,0.000220673,0.000338365,0.000514903,73,NS,OTU_144,Glomus,OTU_144_Glomus,0.00035798
17,OTU_149,0,1.47E-05,2.94E-05,3,NS,OTU_149,Acaulospora,OTU_149_Acaulospora,1.47115E-05
18,OTU_154,0.002456822,0.003104128,0.002015477,515,NS,OTU_154,Glomerales,OTU_154_Glomerales,0.002525475
19,OTU_16,0.002971724,0.002751052,0.003295378,613,NS,OTU_16,Glomus,OTU_16_Glomus,0.003006051
20,OTU_161,0.000529614,0.000441345,0.000632595,109,NS,OTU_161,Claroideoglomus,OTU_161_Claroideoglomus,0.000534518
21,OTU_164,0.000426634,0.000264807,0.001544708,152,NS,OTU_164,Diversispora,OTU_164_Diversispora,0.000745383
22,OTU_167,0.000161827,0.00019125,0.000353076,48,NS,OTU_167,Rhizophagus,OTU_167_Rhizophagus,0.000235384
23,OTU_170,0.051666814,0.03923559,0.043840292,9159,NS,OTU_170,Rhizophagus,OTU_170_Rhizophagus,0.044914232
24,OTU_18,1.47E-05,4.41E-05,7.36E-05,9,NS,OTU_18,Diversispora,OTU_18_Diversispora,4.41345E-05
25,OTU_185,0.002545091,0.002324418,0.002427399,496,NS,OTU_185,Rhizophagus,OTU_185_Rhizophagus,0.002432303
26,OTU_186,0.000250096,0.000367788,0.000426634,71,NS,OTU_186,Glomerales,OTU_186_Glomerales,0.000348172
27,OTU_188,0.000823844,0.001324036,0.001059229,218,NS,OTU_188,Claroideoglomus,OTU_188_Claroideoglomus,0.001069036
28,OTU_189,0.000470768,0.000338365,0.000176538,67,NS,OTU_189,Glomus,OTU_189_Glomus,0.000328557
29,OTU_19,0.00273634,0.002206726,0.001897784,465,NS,OTU_19,Glomus,OTU_19_Glomus,0.002280284
30,OTU_192,0.006855562,0.00585518,0.006384794,1298,NS,OTU_192,Rhizophagus,OTU_192_Rhizophagus,0.006365179
31,OTU_195,0.002059611,0.001677112,0.001986053,389,NS,OTU_195,Glomus,OTU_195_Glomus,0.001907592
32,OTU_2,0.133448083,0.104245741,0.111042457,23705,NS,OTU_2,Rhizophagus,OTU_2_Rhizophagus,0.116245427
33,OTU_20,0.010695266,0.011651514,0.01063642,2242,NS,OTU_20,Glomus,OTU_20_Glomus,0.0109944
34,OTU_205,0.000353076,0.000470768,0.000559037,94,NS,OTU_205,Glomerales,OTU_205_Glomerales,0.000460961
35,OTU_208,0.001250478,0.001485862,0.001250478,271,NS,OTU_208,Rhizophagus,OTU_208_Rhizophagus,0.001328939
36,OTU_211,0.001088652,0.001147498,0.001118075,228,NS,OTU_211,Glomerales,OTU_211_Glomerales,0.001118075
37,OTU_216,0.000441345,0.000411922,0.000235384,74,NS,OTU_216,Glomus,OTU_216_Glomus,0.000362884
38,OTU_22,0.002294995,0.001397593,0.00136817,344,NS,OTU_22,Glomus,OTU_22_Glomus,0.00168692
39,OTU_228,0.000514903,0.000161827,0.000411922,74,NS,OTU_228,Rhizophagus,OTU_228_Rhizophagus,0.000362884
40,OTU_233,0.001927207,0.001809515,0.001515285,357,NS,OTU_233,Claroideoglomus,OTU_233_Claroideoglomus,0.001750669
41,OTU_234,0.000662018,0.001191632,0.000529614,162,NS,OTU_234,Claroideoglomus,OTU_234_Claroideoglomus,0.000794421
42,OTU_236,0.000500191,0.000662018,0.000559037,117,NS,OTU_236,Glomerales,OTU_236_Glomerales,0.000573749
43,OTU_250,0.000809133,0.000956248,0.000794421,174,NS,OTU_250,Rhizophagus,OTU_250_Rhizophagus,0.000853267
44,OTU_253,2.94E-05,0.000308942,5.88E-05,27,NS,OTU_253,Claroideoglomus,OTU_253_Claroideoglomus,0.000132404
45,OTU_256,0.003015859,0.003001147,0.003133551,622,NS,OTU_256,Claroideoglomus,OTU_256_Claroideoglomus,0.003050186
46,OTU_26,0.018036308,0.016638715,0.021611204,3826,NS,OTU_26,Glomus,OTU_26_Glomus,0.018762076
47,OTU_262,0.000279519,0.000382499,0.000279519,64,NS,OTU_262,Glomus,OTU_262_Glomus,0.000313845
48,OTU_267,0.000161827,0.000117692,0.000147115,29,NS,OTU_267,Rhizophagus,OTU_267_Rhizophagus,0.000142211
49,OTU_27,0.00088269,0.001765381,0.001235767,264,NS,OTU_27,Glomus,OTU_27_Glomus,0.001294613
50,OTU_270,0.00019125,0.000205961,0.000323653,49,NS,OTU_270,Glomus,OTU_270_Glomus,0.000240288
51,OTU_273,0.000161827,0.000279519,0.000264807,48,NS,OTU_273,Glomus,OTU_273_Glomus,0.000235384
52,OTU_276,0.00195663,0.001897784,0.00155942,368,NS,OTU_276,Glomus,OTU_276_Glomus,0.001804612
53,OTU_281,0.000102981,0.000102981,7.36E-05,19,NS,OTU_281,Glomus,OTU_281_Glomus,9.31729E-05
54,OTU_282,0.000264807,0.000353076,0.000367788,67,NS,OTU_282,Rhizophagus,OTU_282_Rhizophagus,0.000328557
55,OTU_292,0.000117692,0.000132404,5.88E-05,21,NS,OTU_292,Rhizophagus,OTU_292_Rhizophagus,0.000102981
56,OTU_293,0.000823844,0.000956248,0.001176921,201,NS,OTU_293,Glomerales,OTU_293_Glomerales,0.000985671
57,OTU_295,0.000205961,0.000235384,0.000176538,42,NS,OTU_295,Rhizophagus,OTU_295_Rhizophagus,0.000205961
58,OTU_297,0.000897402,0.000838556,0.000573749,157,NS,OTU_297,Glomerales,OTU_297_Glomerales,0.000769902
59,OTU_3,0.131167799,0.138508842,0.140921529,27910,NS,OTU_3,Claroideoglomus,OTU_3_Claroideoglomus,0.136866057
60,OTU_30,0.002177303,0.002706917,0.002545091,505,NS,OTU_30,Glomus,OTU_30_Glomus,0.002476437
61,OTU_301,0.000706152,0.000647306,0.000632595,135,NS,OTU_301,Glomus,OTU_301_Glomus,0.000662018
62,OTU_308,0.00351605,0.001809515,0.001588843,470,NS,OTU_308,Rhizophagus,OTU_308_Rhizophagus,0.002304803
63,OTU_309,0.00088269,0.000956248,0.000764998,177,NS,OTU_309,Glomus,OTU_309_Glomus,0.000867979
64,OTU_311,0.000205961,0.000603172,0.000764998,107,Indicator,OTU_311,Claroideoglomus,OTU_311_Claroideoglomus,0.00052471
65,OTU_312,5.88E-05,2.94E-05,1.47E-05,7,NS,OTU_312,Glomus,OTU_312_Glomus,3.43269E-05
66,OTU_32,0,0,0.000456057,31,NS,OTU_32,Paraglomus,OTU_32_Paraglomus,0.000152019
67,OTU_321,0.000279519,0.00019125,0.000176538,44,NS,OTU_321,Rhizophagus,OTU_321_Rhizophagus,0.000215769
68,OTU_327,0.000397211,0.000500191,0.00029423,81,NS,OTU_327,Glomus,OTU_327_Glomus,0.000397211
69,OTU_338,0.00029423,0.000205961,0.00029423,54,NS,OTU_338,Rhizophagus,OTU_338_Rhizophagus,0.000264807
70,OTU_34,0.000559037,0.000559037,0.000573749,115,NS,OTU_34,Glomus,OTU_34_Glomus,0.000563941
71,OTU_343,0.000132404,8.83E-05,0.000235384,31,NS,OTU_343,Glomus,OTU_343_Glomus,0.000152019
72,OTU_348,0.000132404,4.41E-05,0.000176538,24,NS,OTU_348,Rhizophagus,OTU_348_Rhizophagus,0.000117692
73,OTU_35,0,4.41E-05,0,3,NS,OTU_35,Ambispora,OTU_35_Ambispora,1.47115E-05
74,OTU_36,0.001750669,0.001765381,0.001735958,357,NS,OTU_36,Glomus,OTU_36_Glomus,0.001750669
75,OTU_37,0.001162209,0.000735575,0.000691441,176,NS,OTU_37,Acaulospora,OTU_37_Acaulospora,0.000863075
76,OTU_371,0.000529614,0.000308942,0.000264807,75,Indicator,OTU_371,Rhizophagus,OTU_371_Rhizophagus,0.000367788
77,OTU_374,0,1.47E-05,0,1,NS,OTU_374,Claroideoglomus,OTU_374_Claroideoglomus,4.90384E-06
78,OTU_38,0.000985671,0.001191632,0.00077971,201,NS,OTU_38,Glomus,OTU_38_Glomus,0.000985671
79,OTU_390,0.000367788,0.000264807,0.000308942,64,NS,OTU_390,Glomus,OTU_390_Glomus,0.000313845
80,OTU_394,0.000470768,0.000676729,0.000853267,136,Indicator,OTU_394,Rhizophagus,OTU_394_Rhizophagus,0.000666922
81,OTU_4,0.020331303,0.024730044,0.025215524,4777,NS,OTU_4,Claroideoglomus,OTU_4_Claroideoglomus,0.023425624
82,OTU_40,0.001441728,0.001706535,0.002986436,417,NS,OTU_40,Glomus,OTU_40_Glomus,0.0020449
83,OTU_403,0.000176538,0.000426634,0.000264807,59,Indicator,OTU_403,Glomerales,OTU_403_Glomerales,0.000289326
84,OTU_415,1.47E-05,2.94E-05,4.41E-05,6,NS,OTU_415,Claroideoglomus,OTU_415_Claroideoglomus,2.9423E-05
85,OTU_42,0.001118075,0.000441345,0.000691441,153,NS,OTU_42,Funneliformis,OTU_42_Funneliformis,0.000750287
86,OTU_421,0.000632595,0.000750287,0.000735575,144,NS,OTU_421,Claroideoglomus,OTU_421_Claroideoglomus,0.000706152
87,OTU_422,2.94E-05,2.94E-05,2.94E-05,6,NS,OTU_422,Claroideoglomus,OTU_422_Claroideoglomus,2.9423E-05
88,OTU_46,2.94E-05,2.94E-05,1.47E-05,5,NS,OTU_46,Acaulospora,OTU_46_Acaulospora,2.45192E-05
89,OTU_47,8.83E-05,8.83E-05,4.41E-05,15,NS,OTU_47,Glomus,OTU_47_Glomus,7.35575E-05
90,OTU_49,0.000603172,0.000750287,0.000573749,131,NS,OTU_49,Glomus,OTU_49_Glomus,0.000642402
91,OTU_50,1.47E-05,5.88E-05,1.47E-05,6,NS,OTU_50,Claroideoglomus,OTU_50_Claroideoglomus,2.9423E-05
92,OTU_51,0.000514903,0.000764998,0.000809133,142,NS,OTU_51,Glomus,OTU_51_Glomus,0.000696345
93,OTU_52,0.000470768,0.000559037,0.000544326,107,NS,OTU_52,Glomus,OTU_52_Glomus,0.00052471
94,OTU_54,0.001706535,0.002133169,0.001735958,379,NS,OTU_54,Glomus,OTU_54_Glomus,0.001858554
95,OTU_55,0.004825374,0.00136817,0.001441728,519,Indicator,OTU_55,Glomus,OTU_55_Glomus,0.002545091
96,OTU_59,0.004722394,0.001324036,0.001544708,516,NS,OTU_59,Glomus,OTU_59_Glomus,0.002530379
97,OTU_64,0.002265572,0.002236149,0.001618266,416,NS,OTU_64,Glomus,OTU_64_Glomus,0.002039996
98,OTU_65,0.000470768,0.000617883,0.000411922,102,NS,OTU_65,Glomerales,OTU_65_Glomerales,0.000500191
99,OTU_66,4.41E-05,0,0,3,NS,OTU_66,Archaeospora,OTU_66_Archaeospora,1.47115E-05
100,OTU_67,0.000559037,0.000279519,0.000353076,81,NS,OTU_67,Septoglomus,OTU_67_Septoglomus,0.000397211
101,OTU_69,0.000514903,0.000514903,0.000426634,99,NS,OTU_69,Glomus,OTU_69_Glomus,0.00048548
102,OTU_7,0.069673699,0.086562509,0.078279931,15941,Indicator,OTU_7,Glomerales,OTU_7_Glomerales,0.078172046
103,OTU_70,0.000514903,0.000559037,0.000308942,94,NS,OTU_70,Glomus,OTU_70_Glomus,0.000460961
104,OTU_72,0.000353076,0.00058846,0.000147115,74,NS,OTU_72,Scutellospora,OTU_72_Scutellospora,0.000362884
105,OTU_75,0.002177303,0.001883073,0.001632977,387,NS,OTU_75,Rhizophagus,OTU_75_Rhizophagus,0.001897784
106,OTU_77,8.83E-05,0.000441345,0.000514903,71,NS,OTU_77,Diversispora,OTU_77_Diversispora,0.000348172
107,OTU_8,0.014917468,0.01708006,0.018816018,3454,NS,OTU_8,Glomus,OTU_8_Glomus,0.016937849
108,OTU_84,1.47E-05,1.47E-05,5.88E-05,6,NS,OTU_84,Diversispora,OTU_84_Diversispora,2.9423E-05
109,OTU_88,0.002780475,0.002854032,0.002618648,561,NS,OTU_88,Rhizophagus,OTU_88_Rhizophagus,0.002751052
110,OTU_9,0.009739018,0.009474211,0.011975167,2120,NS,OTU_9,Claroideoglomus,OTU_9_Claroideoglomus,0.010396132
