sample,Degradation,Species,treat,IRCR
ND_Kp_1,Non,Dominant_Plant,Non_Degraded_Dominant,0.3
ND_Kp_2,Non,Dominant_Plant,Non_Degraded_Dominant,1.2
ND_Kp_3,Non,Dominant_Plant,Non_Degraded_Dominant,0.5
ND_Kp_4,Non,Dominant_Plant,Non_Degraded_Dominant,0.3
MD_Kp_1,Moderately,Dominant_Plant,Moderately_Dominant,0
MD_Kp_2,Moderately,Dominant_Plant,Moderately_Dominant,2.1
MD_Kp_3,Moderately,Dominant_Plant,Moderately_Dominant,0.2
MD_Kp_4,Moderately,Dominant_Plant,Moderately_Dominant,0.6
SD_Lt_1,Severely,Dominant_Plant,Severely_Dominant,1.1
SD_Lt_2,Severely,Dominant_Plant,Severely_Dominant,0.2
SD_Lt_3,Severely,Dominant_Plant,Severely_Dominant,0
SD_Lt_4,Severely,Dominant_Plant,Severely_Dominant,0
ND_Pb_1,Non,Companion_Plant,Non_Degraded_Companion,0.2
ND_Pb_2,Non,Companion_Plant,Non_Degraded_Companion,0.1
ND_Pb_3,Non,Companion_Plant,Non_Degraded_Companion,0
ND_Pb_4,Non,Companion_Plant,Non_Degraded_Companion,1.1
MD_Pb_1,Moderately,Companion_Plant,Moderately_Companion,0.2
MD_Pb_2,Moderately,Companion_Plant,Moderately_Companion,1.2
MD_Pb_3,Moderately,Companion_Plant,Moderately_Companion,0.6
MD_Pb_4,Moderately,Companion_Plant,Moderately_Companion,0.4
SD_Pb_1,Severely,Companion_Plant,Severely_Companion,0.3
SD_Pb_2,Severely,Companion_Plant,Severely_Companion,0.2
SD_Pb_3,Severely,Companion_Plant,Severely_Companion,0.3
SD_Pb_4,Severely,Companion_Plant,Severely_Companion,0
